1	KLF4_MOUSE.H11MO.0.A	2	1.19471e-06	0.00063439	0.00122953	7	CCCACCC	GCCACACCCACTCCA	-
3	KLF4_MOUSE.H11MO.0.A	2	0.000123022	0.0653247	0.0197639	7	CCCACCC	GCCACACCCACTCCA	-
